Rank,Full Journal Title,Total Cites,Journal Impact Factor,Eigenfactor Score,field
1,TRENDS IN COGNITIVE SCIENCES,27705,15.218,0.03605,experimental
2,Nature Human Behaviour,2457,12.282,0.01419,experimental
3,Advances in Experimental Social Psychology,5859,6.55,0.00289,experimental
4,COMPUTERS IN HUMAN BEHAVIOR,29852,5.003,0.0473,experimental
5,Behavior Research Methods,18539,4.425,0.01805,experimental
6,CORTEX,10979,4.009,0.02287,experimental
7,Current Opinion in Behavioral Sciences,2507,3.99,0.01258,experimental
8,PSYCHONOMIC BULLETIN & REVIEW,12117,3.91,0.02061,experimental
9,JOURNAL OF MEMORY AND LANGUAGE,9767,3.893,0.00761,experimental
10,DEVELOPMENTAL SCIENCE,7783,3.722,0.01209,experimental
11,PSYCHOPHYSIOLOGY,14586,3.692,0.01267,experimental
12,Social Cognitive and Affective Neuroscience,7347,3.571,0.01957,experimental
13,Journal of Applied Research in Memory and Cognition,986,3.472,0.00345,experimental
14,COGNITION,17312,3.294,0.02244,experimental
15,EMOTION,9541,3.177,0.01098,experimental
16,JOURNAL OF EXPERIMENTAL PSYCHOLOGY-GENERAL,11668,3.169,0.02106,experimental
17,JOURNAL OF COGNITIVE NEUROSCIENCE,16520,3.105,0.01559,experimental
18,COGNITIVE PSYCHOLOGY,7784,3.029,0.00459,experimental
19,Wiley Interdisciplinary Reviews-Cognitive Science,1413,2.88,0.00276,experimental
20,JOURNAL OF EXPERIMENTAL PSYCHOLOGY-LEARNING MEMORY AND COGNITION,12400,2.832,0.0118,experimental
21,BIOLOGICAL PSYCHOLOGY,10093,2.763,0.01188,experimental
22,MULTIVARIATE BEHAVIORAL RESEARCH,7112,2.75,0.00788,experimental
23,NEUROPSYCHOLOGIA,25071,2.652,0.02658,experimental
24,INTERNATIONAL JOURNAL OF PSYCHOPHYSIOLOGY,8822,2.631,0.00944,experimental
25,COGNITION AND INSTRUCTION,2027,2.516,8.8e-4,experimental
26,Topics in Cognitive Science,1645,2.511,0.00358,experimental
27,BRAIN AND COGNITION,6841,2.508,0.00579,experimental
28,Psychology of Aesthetics Creativity and the Arts,1472,2.482,0.00251,experimental
29,COGNITION & EMOTION,8914,2.473,0.00897,experimental
30,JOURNAL OF EXPERIMENTAL PSYCHOLOGY-HUMAN PERCEPTION AND PERFORMANCE,10937,2.45,0.01114,experimental
31,PSYCHOLOGICAL RESEARCH-PSYCHOLOGISCHE FORSCHUNG,3235,2.419,0.00526,experimental
32,BRITISH JOURNAL OF MATHEMATICAL & STATISTICAL PSYCHOLOGY,1965,2.388,0.00348,experimental
33,BRAIN AND LANGUAGE,6557,2.339,0.00596,experimental
34,Journal of Neuropsychology,653,2.333,0.00128,experimental
35,JOURNAL OF EXPERIMENTAL CHILD PSYCHOLOGY,7422,2.301,0.01154,experimental
36,COGNITIVE SCIENCE,6044,2.214,0.00787,experimental
37,Bilingualism-Language and Cognition,3121,2.21,0.0039,experimental
38,THINKING & REASONING,749,2.125,0.00134,experimental
39,HUMAN MOVEMENT SCIENCE,4934,2.096,0.0064,experimental
40,QUARTERLY JOURNAL OF EXPERIMENTAL PSYCHOLOGY,5922,2.077,0.01008,experimental
41,ECOLOGICAL PSYCHOLOGY,971,2.063,7.8e-4,experimental
42,COGNITIVE DEVELOPMENT,2315,2.05,0.00274,experimental
43,CONSCIOUSNESS AND COGNITION,5972,2.044,0.00855,experimental
44,MUSICAE SCIENTIAE,675,1.93,9.6e-4,experimental
45,Language Cognition and Neuroscience,1094,1.925,0.00529,experimental
46,Cognitive Systems Research,1050,1.902,0.00119,experimental
47,MEMORY,3910,1.895,0.00563,experimental
48,Attention Perception & Psychophysics,3985,1.893,0.01039,experimental
49,MOTIVATION AND EMOTION,4148,1.878,0.00421,experimental
50,Journal of Cognition and Development,1282,1.869,0.00248,experimental
51,JOURNAL OF NEUROLINGUISTICS,1218,1.853,0.00142,experimental
52,JOURNAL OF EXPERIMENTAL PSYCHOLOGY-ANIMAL LEARNING AND COGNITION,2136,1.778,0.0013,experimental
53,Spatial Cognition and Computation,355,1.767,5.4e-4,experimental
54,AGING NEUROPSYCHOLOGY AND COGNITION,1442,1.75,0.00212,experimental
55,Psychology of Music,1729,1.712,0.00196,experimental
56,MEMORY & COGNITION,8569,1.694,0.00679,experimental
57,Language Learning and Development,548,1.651,0.00115,experimental
58,JOURNAL OF CHILD LANGUAGE,2919,1.62,0.00262,experimental
59,DISCOURSE PROCESSES,1980,1.612,0.00184,experimental
60,APPLIED COGNITIVE PSYCHOLOGY,4490,1.591,0.00383,experimental
61,Multisensory Research,402,1.553,0.00137,experimental
62,NEW IDEAS IN PSYCHOLOGY,718,1.55,9.4e-4,experimental
63,I-Perception,774,1.535,0.00199,experimental
64,Psychology of Learning and Motivation,1940,1.526,0.00124,experimental
65,DEVELOPMENTAL NEUROPSYCHOLOGY,2933,1.477,0.0017,experimental
66,CANADIAN JOURNAL OF EXPERIMENTAL PSYCHOLOGY-REVUE CANADIENNE DE PSYCHOLOGIE EXPERIMENTALE,1030,1.44,0.00105,experimental
67,Evolutionary Psychology,976,1.427,0.00166,experimental
68,APPLIED PSYCHOLINGUISTICS,2575,1.412,0.00252,experimental
69,ACTA PSYCHOLOGICA,6151,1.38,0.00703,experimental
70,LEARNING & BEHAVIOR,893,1.342,0.00111,experimental
71,MUSIC PERCEPTION,1716,1.292,9.4e-4,experimental
72,JOURNAL OF MOTOR BEHAVIOR,2375,1.279,0.00148,experimental
73,MIND & LANGUAGE,1372,1.275,8.7e-4,experimental
74,PERCEPTUAL AND MOTOR SKILLS,6171,1.245,0.00213,experimental
75,PERCEPTION,4965,1.217,0.00279,experimental
76,Advances in Cognitive Psychology,343,1.2,5.5e-4,experimental
77,Language and Cognition,266,1.102,6.9e-4,experimental
77,VISUAL COGNITION,2120,1.102,0.00212,experimental
79,LANGUAGE AND SPEECH,1407,1.098,0.00101,experimental
80,Journal of Cognitive Psychology,1062,0.993,0.00254,experimental
81,Cognitive Processing,1151,0.96,0.00155,experimental
82,LATERALITY,901,0.938,7.8e-4,experimental
83,ADAPTIVE BEHAVIOR,607,0.929,6.1e-4,experimental
84,LEARNING AND MOTIVATION,964,0.894,6.5e-4,experimental
85,EXPERIMENTAL PSYCHOLOGY,1269,0.803,0.0016,experimental
86,JOURNAL OF PSYCHOLINGUISTIC RESEARCH,1388,0.677,0.00109,experimental
87,Psicologica,255,0.633,4.3e-4,experimental
Copyright © 2020 Clarivate Analytics,NA,NA,NA,NA,experimental
"By exporting the selected data, you agree to the data usage policy set forth in the Terms of Use",NA,NA,NA,NA,experimental
1,PSYCHOLOGICAL BULLETIN,52600,20.85,0.02712,multidisciplinary
2,Psychological Science in the Public Interest,1591,18.25,0.00287,multidisciplinary
3,Annual Review of Psychology,21277,18.156,0.0195,multidisciplinary
4,PSYCHOLOGICAL INQUIRY,4943,9.917,0.00385,multidisciplinary
5,PSYCHOLOGICAL METHODS,13193,8.43,0.0123,multidisciplinary
6,Perspectives on Psychological Science,10484,8.275,0.02237,multidisciplinary
7,PSYCHOLOGICAL REVIEW,29567,6.857,0.00908,multidisciplinary
8,AMERICAN PSYCHOLOGIST,27040,6.536,0.01277,multidisciplinary
9,PSYCHOLOGICAL SCIENCE,32050,5.389,0.04036,multidisciplinary
10,ENVIRONMENT AND BEHAVIOR,6805,5.141,0.00393,multidisciplinary
11,CURRENT DIRECTIONS IN PSYCHOLOGICAL SCIENCE,12101,5.117,0.0165,multidisciplinary
12,COMPUTERS IN HUMAN BEHAVIOR,29852,5.003,0.0473,multidisciplinary
13,European Journal of Psychology Applied to Legal Context,267,4.905,4.2e-4,multidisciplinary
14,ANNALS OF BEHAVIORAL MEDICINE,7126,4.48,0.0084,multidisciplinary
15,Emotion Review,2463,4.258,0.00468,multidisciplinary
16,Current Opinion in Psychology,3084,4.162,0.01348,multidisciplinary
17,Psychosocial Intervention,714,4.026,8.6e-4,multidisciplinary
18,SUICIDE AND LIFE-THREATENING BEHAVIOR,4512,3.867,0.00598,multidisciplinary
19,Journal of Positive Psychology,3094,3.828,0.00476,multidisciplinary
20,PSYCHOSOMATIC MEDICINE,12560,3.702,0.00989,multidisciplinary
21,JOURNALS OF GERONTOLOGY SERIES B-PSYCHOLOGICAL SCIENCES AND SOCIAL SCIENCES,9435,3.502,0.00993,multidisciplinary
22,JOURNAL OF ENVIRONMENTAL PSYCHOLOGY,10491,3.301,0.0084,multidisciplinary
23,BRITISH JOURNAL OF PSYCHOLOGY,4626,3.239,0.00406,multidisciplinary
24,INTERNATIONAL JOURNAL OF HUMAN-COMPUTER STUDIES,4946,3.163,0.00323,multidisciplinary
25,PSYCHO-ONCOLOGY,11286,3.006,0.01634,multidisciplinary
26,EUROPEAN PSYCHOLOGIST,1618,2.907,0.00188,multidisciplinary
27,AGGRESSION AND VIOLENT BEHAVIOR,4623,2.893,0.00566,multidisciplinary
28,JOURNAL OF GAMBLING STUDIES,2877,2.836,0.00371,multidisciplinary
29,PSYCHOLOGY OF ADDICTIVE BEHAVIORS,5301,2.78,0.00764,multidisciplinary
30,NEUROBIOLOGY OF LEARNING AND MEMORY,7356,2.768,0.01344,multidisciplinary
31,PSICOTHEMA,3426,2.632,0.0025,multidisciplinary
32,PSYCHOLOGY & HEALTH,5306,2.534,0.00471,multidisciplinary
33,INTELLIGENCE,4111,2.471,0.00617,multidisciplinary
34,PSYCHOLOGY OF WOMEN QUARTERLY,4005,2.444,0.00334,multidisciplinary
35,Psychology of Religion and Spirituality,919,2.367,0.00138,multidisciplinary
36,REVIEW OF GENERAL PSYCHOLOGY,4664,2.364,0.0027,multidisciplinary
37,Crisis-The Journal of Crisis Intervention and Suicide Prevention,1705,2.356,0.00217,multidisciplinary
38,Journal of Happiness Studies,4673,2.344,0.00592,multidisciplinary
39,ARCHIVES OF SUICIDE RESEARCH,1525,2.274,0.00251,multidisciplinary
40,ANXIETY STRESS AND COPING,2191,2.25,0.00257,multidisciplinary
41,BEHAVIOR GENETICS,3016,2.231,0.0032,multidisciplinary
42,AGGRESSIVE BEHAVIOR,3578,2.219,0.00368,multidisciplinary
43,Judgment and Decision Making,2465,2.163,0.00412,multidisciplinary
44,CANADIAN PSYCHOLOGY-PSYCHOLOGIE CANADIENNE,1597,2.068,0.00111,multidisciplinary
45,Frontiers in Psychology,34910,2.067,0.10267,multidisciplinary
46,CURRENT PSYCHOLOGY,1519,2.051,0.0024,multidisciplinary
47,Psychology Research and Behavior Management,682,2.03,0.00134,multidisciplinary
48,JOURNAL OF EMOTIONAL AND BEHAVIORAL DISORDERS,1209,1.976,8.2e-4,multidisciplinary
49,JOURNAL OF HUMANISTIC PSYCHOLOGY,704,1.902,4.9e-4,multidisciplinary
50,AIDS CARE-PSYCHOLOGICAL AND SOCIO-MEDICAL ASPECTS OF AIDS/HIV,6455,1.894,0.01205,multidisciplinary
51,FEMINISM & PSYCHOLOGY,1101,1.882,9.2e-4,multidisciplinary
52,JOURNAL OF HOMOSEXUALITY,3140,1.873,0.0037200000000000002,multidisciplinary
53,Collabra-Psychology,149,1.761,7.2e-4,multidisciplinary
54,JOURNAL OF ECONOMIC PSYCHOLOGY,4931,1.718,0.00423,multidisciplinary
55,CULTURE & PSYCHOLOGY,1009,1.71,7.7e-4,multidisciplinary
56,Qualitative Research in Psychology,7490,1.69,0.00146,multidisciplinary
57,LEGAL AND CRIMINOLOGICAL PSYCHOLOGY,793,1.667,7.3e-4,multidisciplinary
57,PSYCHOLOGY PUBLIC POLICY AND LAW,1476,1.667,0.00207,multidisciplinary
59,SCANDINAVIAN JOURNAL OF PSYCHOLOGY,2755,1.57,0.00284,multidisciplinary
60,NEW IDEAS IN PSYCHOLOGY,718,1.55,9.4e-4,multidisciplinary
61,JOURNAL OF PSYCHOLOGY,3325,1.548,0.00191,multidisciplinary
62,PSYCHOLOGICAL REPORTS,6317,1.535,0.00244,multidisciplinary
63,Zeitschrift fur Psychologie-Journal of Psychology,792,1.528,0.00118,multidisciplinary
64,AMERICAN JOURNAL OF COMMUNITY PSYCHOLOGY,5866,1.509,0.0035,multidisciplinary
65,AUSTRALIAN JOURNAL OF PSYCHOLOGY,1050,1.486,9.8e-4,multidisciplinary
66,Nordic Psychology,231,1.462,3.7e-4,multidisciplinary
67,PROFESSIONAL PSYCHOLOGY-RESEARCH AND PRACTICE,3353,1.461,0.00204,multidisciplinary
68,AUSTRALIAN PSYCHOLOGIST,1245,1.458,0.00136,multidisciplinary
69,DISCOURSE & SOCIETY,2132,1.39,0.00139,multidisciplinary
70,DEATH STUDIES,2091,1.361,0.00223,multidisciplinary
71,Cyberpsychology-Journal of Psychosocial Research on Cyberspace,387,1.354,8.7e-4,multidisciplinary
72,Journal of Media Psychology-Theories Methods and Applications,412,1.351,7.1e-4,multidisciplinary
73,OMEGA-JOURNAL OF DEATH AND DYING,1118,1.347,7.1e-4,multidisciplinary
74,Anales de Psicologia,1618,1.346,0.00175,multidisciplinary
74,JOURNAL OF COMPARATIVE PSYCHOLOGY,2744,1.346,0.00153,multidisciplinary
76,PSYCHOLOGISCHE RUNDSCHAU,251,1.318,2.1e-4,multidisciplinary
77,THEORY & PSYCHOLOGY,1143,1.309,9.5e-4,multidisciplinary
78,Psychology & Sexuality,386,1.292,8.1e-4,multidisciplinary
79,CREATIVITY RESEARCH JOURNAL,2659,1.289,0.00154,multidisciplinary
80,INTERNATIONAL JOURNAL OF PSYCHOLOGY,2752,1.255,0.00286,multidisciplinary
81,Journal of Black Psychology,1013,1.246,0.00137,multidisciplinary
82,PSYCHOLOGY CRIME & LAW,1429,1.193,0.00177,multidisciplinary
83,International Review of Research in Developmental Disabilities,147,1.192,3.5e-4,multidisciplinary
84,JOURNAL OF REPRODUCTIVE AND INFANT PSYCHOLOGY,1069,1.188,8.2e-4,multidisciplinary
85,ETHICS & BEHAVIOR,802,1.12,6e-4,multidisciplinary
86,JOURNAL OF COMMUNITY PSYCHOLOGY,3164,1.106,0.00169,multidisciplinary
87,ETHOS,1036,1.078,9.6e-4,multidisciplinary
88,TEACHING OF PSYCHOLOGY,1201,1.053,8.5e-4,multidisciplinary
89,Asian American Journal of Psychology,516,1.051,9.7e-4,multidisciplinary
90,JAPANESE PSYCHOLOGICAL RESEARCH,523,1.035,7.1e-4,multidisciplinary
91,PSYCHOLOGICAL RECORD,1379,1.01,8.2e-4,multidisciplinary
92,Journal of Neuroscience Psychology and Economics,297,1,6.4e-4,multidisciplinary
93,Journal of Latina-o Psychology,260,0.978,9.4e-4,multidisciplinary
94,REVISTA LATINOAMERICANA DE PSICOLOGIA,511,0.975,2.9e-4,multidisciplinary
95,Spanish Journal of Psychology,1444,0.972,0.00173,multidisciplinary
96,LATERALITY,901,0.938,7.8e-4,multidisciplinary
97,Psicologia Educativa,180,0.933,4e-4,multidisciplinary
98,JOURNAL OF GENETIC PSYCHOLOGY,1180,0.923,6.2e-4,multidisciplinary
99,Journal of Forensic Psychology Practice,237,0.921,3.5e-4,multidisciplinary
100,Psicologia-Reflexao e Critica,541,0.909,5.5e-4,multidisciplinary
101,BioPsychoSocial Medicine,423,0.904,4.8e-4,multidisciplinary
102,CANADIAN JOURNAL OF BEHAVIOURAL SCIENCE-REVUE CANADIENNE DES SCIENCES DU COMPORTEMENT,1302,0.9,9.5e-4,multidisciplinary
103,SOUTH AFRICAN JOURNAL OF PSYCHOLOGY,785,0.898,6.2e-4,multidisciplinary
104,ZEITSCHRIFT FUR PSYCHOSOMATISCHE MEDIZIN UND PSYCHOTHERAPIE,303,0.85,2.6e-4,multidisciplinary
105,History of Psychology,260,0.833,7.1e-4,multidisciplinary
106,International Journal for the Psychology of Religion,730,0.824,5.2e-4,multidisciplinary
107,MILITARY PSYCHOLOGY,872,0.819,0.00107,multidisciplinary
108,AMERICAN JOURNAL OF PSYCHOLOGY,2637,0.803,6.9e-4,multidisciplinary
109,Journal of Pacific Rim Psychology,137,0.8,2.5e-4,multidisciplinary
110,PHILOSOPHICAL PSYCHOLOGY,867,0.785,0.00102,multidisciplinary
110,PsyCh Journal,264,0.785,7.4e-4,multidisciplinary
112,INTERNATIONAL JOURNAL OF SPORT PSYCHOLOGY,1122,0.779,5.6e-4,multidisciplinary
113,DREAMING,417,0.776,3e-4,multidisciplinary
114,SWISS JOURNAL OF PSYCHOLOGY,411,0.774,3.9e-4,multidisciplinary
115,Empirical Studies of the Arts,310,0.773,2.8e-4,multidisciplinary
116,International Journal of Psychological Research,452,0.731,1.9e-4,multidisciplinary
117,HUMOR-INTERNATIONAL JOURNAL OF HUMOR RESEARCH,674,0.711,4.6e-4,multidisciplinary
118,Anuario De Psicologia Juridica,85,0.696,1e-4,multidisciplinary
119,HISPANIC JOURNAL OF BEHAVIORAL SCIENCES,1422,0.695,8.1e-4,multidisciplinary
120,Psychiatry Psychology and Law,641,0.664,7.9e-4,multidisciplinary
121,PSYCHOLOGICA BELGICA,450,0.61,5.1e-4,multidisciplinary
122,PSIKHOLOGICHESKII ZHURNAL,502,0.604,7e-5,multidisciplinary
123,REVISTA MEXICANA DE PSICOLOGIA,185,0.571,6e-5,multidisciplinary
124,STUDIA PSYCHOLOGICA,311,0.537,2.5e-4,multidisciplinary
125,Estudios de Psicologia,196,0.527,1.6e-4,multidisciplinary
126,Archive for the Psychology of Religion-Archiv fur Religionspsychologie,176,0.517,1.6e-4,multidisciplinary
126,Universitas Psychologica,810,0.517,5.8e-4,multidisciplinary
128,ANNEE PSYCHOLOGIQUE,379,0.5,3.2e-4,multidisciplinary
129,CESKOSLOVENSKA PSYCHOLOGIE,198,0.478,1.1e-4,multidisciplinary
130,Journal of Psychology in Africa,509,0.453,6e-4,multidisciplinary
131,JOURNAL OF PSYCHOLOGY AND THEOLOGY,487,0.435,2.8e-4,multidisciplinary
132,Psychologie Francaise,165,0.42,2.2e-4,multidisciplinary
133,JOURNAL OF GENERAL PSYCHOLOGY,1207,0.409,4.5e-4,multidisciplinary
134,WOMEN & THERAPY,382,0.388,2.4e-4,multidisciplinary
135,Psihologija,189,0.333,2.6e-4,multidisciplinary
136,Pratiques Psychologiques,120,0.327,1.3e-4,multidisciplinary
137,TURK PSIKOLOJI DERGISI,278,0.308,4e-5,multidisciplinary
138,PSYCHOLOGIST,615,0.25,5.1e-4,multidisciplinary
Copyright © 2020 Clarivate Analytics,NA,NA,NA,NA,multidisciplinary
"By exporting the selected data, you agree to the data usage policy set forth in the Terms of Use",NA,NA,NA,NA,multidisciplinary
1,Annual Review of Clinical Psychology,6126,13.692,0.00957,clinical
2,CLINICAL PSYCHOLOGY REVIEW,17220,10.255,0.02072,clinical
3,JOURNAL OF ABNORMAL PSYCHOLOGY,16003,6.484,0.01417,clinical
4,PSYCHOLOGICAL MEDICINE,26702,5.813,0.03935,clinical
5,CLINICAL PSYCHOLOGY-SCIENCE AND PRACTICE,3680,5.541,0.00276,clinical
6,Clinical Psychological Science,2599,5.415,0.0111,clinical
7,NEUROPSYCHOLOGY REVIEW,3114,4.84,0.00405,clinical
8,DEPRESSION AND ANXIETY,9355,4.702,0.01386,clinical
9,JOURNAL OF CONSULTING AND CLINICAL PSYCHOLOGY,23082,4.632,0.01405,clinical
10,BEHAVIOUR RESEARCH AND THERAPY,18086,4.5,0.01468,clinical
11,COGNITIVE BEHAVIOUR THERAPY,1686,4.413,0.00313,clinical
12,International Journal of Clinical and Health Psychology,1247,4.25,0.00183,clinical
13,JOURNAL OF CLINICAL PSYCHIATRY,18652,4.204,0.01853,clinical
14,ASSESSMENT,5131,3.706,0.00756,clinical
15,Health Psychology Review,2008,3.705,0.00536,clinical
16,JOURNAL OF SEX RESEARCH,5076,3.683,0.00817,clinical
17,INTERNATIONAL JOURNAL OF EATING DISORDERS,9613,3.668,0.01075,clinical
18,JOURNAL OF CLINICAL CHILD AND ADOLESCENT PSYCHOLOGY,5724,3.656,0.00893,clinical
19,ADDICTIVE BEHAVIORS,13899,3.645,0.02295,clinical
20,Mindfulness,4006,3.581,0.0085,clinical
21,EUROPEAN EATING DISORDERS REVIEW,2622,3.56,0.0046,clinical
22,Internet Interventions-The Application of Information Technology in Mental and Behavioural Health,996,3.513,0.00272,clinical
23,European Journal of Psychotraumatology,1987,3.478,0.00494,clinical
24,CLINICAL CHILD AND FAMILY PSYCHOLOGY REVIEW,2850,3.468,0.0028,clinical
25,Personality Disorders-Theory Research and Treatment,1635,3.421,0.00452,clinical
26,International Journal of Transgenderism,957,3.369,0.00119,clinical
27,BEHAVIOR ANALYST,686,3.25,3.9e-4,clinical
28,BEHAVIOR THERAPY,5758,3.243,0.00632,clinical
29,PSYCHOTHERAPY,3204,3.191,0.00319,clinical
30,ARCHIVES OF SEXUAL BEHAVIOR,7470,3.131,0.01218,clinical
31,JOURNAL OF SUBSTANCE ABUSE TREATMENT,5696,3.083,0.01,clinical
32,JOURNAL OF ANXIETY DISORDERS,7130,3.079,0.00939,clinical
33,HEALTH PSYCHOLOGY,11888,3.056,0.01548,clinical
34,JOURNAL OF BEHAVIORAL MEDICINE,5255,2.988,0.00714,clinical
35,PSYCHOTHERAPY RESEARCH,2958,2.984,0.00361,clinical
36,INTERNATIONAL PSYCHOGERIATRICS,7341,2.94,0.00992,clinical
37,AMERICAN JOURNAL OF DRUG AND ALCOHOL ABUSE,2780,2.925,0.00425,clinical
38,BRITISH JOURNAL OF HEALTH PSYCHOLOGY,2980,2.917,0.00369,clinical
39,JOURNAL OF ABNORMAL CHILD PSYCHOLOGY,9261,2.864,0.01075,clinical
40,Journal of Eating Disorders,795,2.828,0.00219,clinical
41,PSYCHOLOGICAL ASSESSMENT,12296,2.825,0.01438,clinical
42,Journal of Mental Health,2482,2.703,0.00293,clinical
43,JOURNAL OF POSITIVE BEHAVIOR INTERVENTIONS,1258,2.683,0.00135,clinical
44,PSYCHOLOGY AND PSYCHOTHERAPY-THEORY RESEARCH AND PRACTICE,1290,2.645,0.00166,clinical
45,COGNITIVE THERAPY AND RESEARCH,5069,2.603,0.00468,clinical
46,Psychological Trauma-Theory Research Practice and Policy,2371,2.595,0.00565,clinical
47,BRITISH JOURNAL OF CLINICAL PSYCHOLOGY,3738,2.541,0.00202,clinical
48,NEUROPSYCHOLOGY,5844,2.506,0.00623,clinical
49,JOURNAL OF HEALTH PSYCHOLOGY,5488,2.503,0.00773,clinical
50,CLINICAL PSYCHOLOGY & PSYCHOTHERAPY,3087,2.477,0.0039,clinical
51,Psychology of Violence,1237,2.381,0.00351,clinical
52,CLINICAL NEUROPSYCHOLOGIST,3567,2.232,0.00344,clinical
53,EXPERIMENTAL AND CLINICAL PSYCHOPHARMACOLOGY,2673,2.217,0.003,clinical
54,JOURNAL OF PERSONALITY ASSESSMENT,8074,2.185,0.00409,clinical
55,FAMILY PROCESS,2559,2.175,0.00239,clinical
56,Eating Behaviors,3176,2.156,0.00501,clinical
57,ARCHIVES OF CLINICAL NEUROPSYCHOLOGY,4705,2.154,0.00418,clinical
58,INTERNATIONAL JOURNAL OF BEHAVIORAL MEDICINE,2724,2.139,0.00366,clinical
59,JOURNAL OF CLINICAL PSYCHOLOGY,8753,2.138,0.00625,clinical
60,SEXUAL ABUSE-A JOURNAL OF RESEARCH AND TREATMENT,1337,2.13,0.0014,clinical
61,BEHAVIOR MODIFICATION,2246,2.105,0.00199,clinical
62,COGNITIVE AND BEHAVIORAL PRACTICE,1837,2.096,0.00229,clinical
63,Psychological Services,1236,2.095,0.00282,clinical
64,JOURNAL OF PSYCHOPATHOLOGY AND BEHAVIORAL ASSESSMENT,3207,2.056,0.00357,clinical
65,Psychology Research and Behavior Management,682,2.03,0.00134,clinical
66,Eating Disorders,1149,2.013,0.00111,clinical
67,Journal of Psychosomatic Obstetrics & Gynecology,1397,2,0.00107,clinical
68,JOURNAL OF BEHAVIOR THERAPY AND EXPERIMENTAL PSYCHIATRY,3784,1.96,0.00474,clinical
69,JOURNAL OF CLINICAL AND EXPERIMENTAL NEUROPSYCHOLOGY,5334,1.958,0.0037200000000000002,clinical
70,JOURNAL OF TRAUMATIC STRESS,7702,1.926,0.00602,clinical
71,JOURNAL OF PSYCHOACTIVE DRUGS,1824,1.859,0.00202,clinical
71,Journal of Trauma & Dissociation,971,1.859,0.00126,clinical
73,JOURNAL OF FAMILY PSYCHOLOGY,6727,1.836,0.00599,clinical
74,JOURNAL OF SEX & MARITAL THERAPY,2280,1.775,0.00183,clinical
75,Child and Adolescent Mental Health,1016,1.77,0.00137,clinical
76,BEHAVIOURAL AND COGNITIVE PSYCHOTHERAPY,1927,1.657,0.00227,clinical
77,International Journal of Mental Health and Addiction,1476,1.648,0.00243,clinical
78,Clinical Child Psychology and Psychiatry,1233,1.647,0.00128,clinical
79,BEHAVIORAL DISORDERS,808,1.625,8.9e-4,clinical
80,AMERICAN BEHAVIORAL SCIENTIST,5627,1.601,0.00615,clinical
81,JOURNAL OF APPLIED BEHAVIOR ANALYSIS,5076,1.54,0.00212,clinical
82,CRIMINAL JUSTICE AND BEHAVIOR,3807,1.523,0.00367,clinical
82,Journal of Contextual Behavioral Science,662,1.523,0.00154,clinical
84,REHABILITATION PSYCHOLOGY,1971,1.484,0.00217,clinical
85,JOURNAL OF SOCIAL AND CLINICAL PSYCHOLOGY,3227,1.472,0.00182,clinical
86,JOURNAL OF MARITAL AND FAMILY THERAPY,2028,1.421,0.00111,clinical
87,JOURNAL OF CLINICAL PSYCHOLOGY IN MEDICAL SETTINGS,1053,1.412,0.00106,clinical
88,JOURNAL OF FAMILY VIOLENCE,2743,1.357,0.00272,clinical
89,Journal of Experimental Psychopathology,405,1.34,8.5e-4,clinical
90,Clinical Psychologist,358,1.333,6.6e-4,clinical
91,ARTS IN PSYCHOTHERAPY,1088,1.322,7e-4,clinical
92,APPLIED PSYCHOPHYSIOLOGY AND BIOFEEDBACK,1352,1.246,9.8e-4,clinical
93,Journal of Dual Diagnosis,419,1.231,9.8e-4,clinical
94,Perspectives on Behavior Science,109,1.219,1e-4,clinical
95,International Journal of Sexual Health,439,1.191,8.9e-4,clinical
96,Sexual and Relationship Therapy,601,1.125,7e-4,clinical
97,Psychosis-Psychological Social and Integrative Approaches,390,1.085,8.2e-4,clinical
98,PSYCHOTHERAPIE PSYCHOSOMATIK MEDIZINISCHE PSYCHOLOGIE,855,1.051,7.4e-4,clinical
99,JOURNAL OF CONSTRUCTIVIST PSYCHOLOGY,411,1.036,2.7e-4,clinical
100,BEHAVIOUR CHANGE,439,1.032,5.5e-4,clinical
101,Journal of Aggression Maltreatment & Trauma,1184,1.03,0.00136,clinical
102,Behavioral Psychology-Psicologia Conductual,434,1.017,3.4e-4,clinical
103,Journal of Latina-o Psychology,260,0.978,9.4e-4,clinical
104,PSYCHOANALYTIC PSYCHOLOGY,742,0.958,9.5e-4,clinical
105,Journal of Child Sexual Abuse,1078,0.929,0.00144,clinical
106,ZEITSCHRIFT FUR KLINISCHE PSYCHOLOGIE UND PSYCHOTHERAPIE,457,0.9,2.5e-4,clinical
107,Journal of Rational-Emotive and Cognitive-Behavior Therapy,505,0.88,4e-4,clinical
108,ZEITSCHRIFT FUR PSYCHOSOMATISCHE MEDIZIN UND PSYCHOTHERAPIE,303,0.85,2.6e-4,clinical
109,Clinical Case Studies,313,0.817,2.6e-4,clinical
110,AMERICAN JOURNAL OF CLINICAL HYPNOSIS,373,0.766,3.3e-4,clinical
111,VERHALTENSTHERAPIE,276,0.744,3.4e-4,clinical
112,BEHAVIORAL INTERVENTIONS,520,0.731,5.6e-4,clinical
113,INTERNATIONAL JOURNAL OF CLINICAL AND EXPERIMENTAL HYPNOSIS,751,0.72,3.7e-4,clinical
114,JOURNAL OF FAMILY THERAPY,676,0.697,4.2e-4,clinical
115,European Journal of Health Psychology,9,0.692,3e-5,clinical
116,Journal of Cognitive Psychotherapy,863,0.615,3.4e-4,clinical
117,AMERICAN INDIAN AND ALASKA NATIVE MENTAL HEALTH RESEARCH,353,0.613,2.8e-4,clinical
118,International Journal of Cognitive Therapy,577,0.58,9.7e-4,clinical
119,Revista Iberoamericana de Diagnostico y Evaluacion-e Avaliacao Psicologica,186,0.576,1.3e-4,clinical
120,AMERICAN JOURNAL OF FAMILY THERAPY,705,0.564,3.9e-4,clinical
121,INTERNATIONAL JOURNAL OF GROUP PSYCHOTHERAPY,362,0.523,2.6e-4,clinical
122,CHILD & FAMILY BEHAVIOR THERAPY,385,0.52,2.3e-4,clinical
123,Zeitschrift fur Psychiatrie Psychologie und Psychotherapie,178,0.512,1.2e-4,clinical
124,Revista Argentina de Clinica Psicologica,176,0.508,1.3e-4,clinical
125,Terapia Psicologica,278,0.5,2.3e-4,clinical
126,DIAGNOSTICA,996,0.488,3.7e-4,clinical
127,Zeitschrift fur Sexualforschung,114,0.471,4e-5,clinical
128,PSYCHOTHERAPEUT,327,0.462,3.5e-4,clinical
129,Clinica y Salud,244,0.452,1.1e-4,clinical
130,Journal of Evidence-Based Psychotherapies,47,0.41,1.9e-4,clinical
131,GRUPPENPSYCHOTHERAPIE UND GRUPPENDYNAMIK,42,0.361,0,clinical
Copyright © 2020 Clarivate Analytics,NA,NA,NA,NA,clinical
"By exporting the selected data, you agree to the data usage policy set forth in the Terms of Use",NA,NA,NA,NA,clinical
1,JOURNAL OF CHILD PSYCHOLOGY AND PSYCHIATRY,19837,7.035,0.02108,developmental
2,JOURNAL OF THE AMERICAN ACADEMY OF CHILD AND ADOLESCENT PSYCHIATRY,19831,6.936,0.01784,developmental
3,Developmental Cognitive Neuroscience,3177,4.966,0.01018,developmental
4,CHILD DEVELOPMENT,30882,4.891,0.02231,developmental
5,Child Development Perspectives,2999,4.636,0.00612,developmental
6,AUTISM,5252,4.609,0.00959,developmental
7,EUROPEAN CHILD & ADOLESCENT PSYCHIATRY,5422,3.941,0.00945,developmental
8,JOURNAL OF ADOLESCENT HEALTH,16287,3.9,0.02642,developmental
9,Autism Research,3611,3.727,0.00855,developmental
9,DEVELOPMENTAL REVIEW,3351,3.727,0.00355,developmental
11,DEVELOPMENTAL SCIENCE,7783,3.722,0.01209,developmental
12,JOURNAL OF CLINICAL CHILD AND ADOLESCENT PSYCHOLOGY,5724,3.656,0.00893,developmental
13,DEVELOPMENT AND PSYCHOPATHOLOGY,11002,3.385,0.01167,developmental
14,JOURNAL OF YOUTH AND ADOLESCENCE,9380,3.121,0.01289,developmental
15,DEVELOPMENTAL PSYCHOLOGY,22397,3.063,0.02104,developmental
16,JOURNAL OF AUTISM AND DEVELOPMENTAL DISORDERS,21351,3.047,0.02297,developmental
17,JOURNAL OF ABNORMAL CHILD PSYCHOLOGY,9261,2.864,0.01075,developmental
18,Journal of Attention Disorders,3620,2.826,0.00584,developmental
19,Applied Developmental Science,1380,2.75,0.001,developmental
20,ATTACHMENT & HUMAN DEVELOPMENT,2022,2.656,0.0019,developmental
21,JOURNAL OF PEDIATRIC PSYCHOLOGY,7050,2.587,0.00701,developmental
22,SEX ROLES,8565,2.409,0.00576,developmental
23,MONOGRAPHS OF THE SOCIETY FOR RESEARCH IN CHILD DEVELOPMENT,2448,2.387,0.00141,developmental
24,EARLY CHILDHOOD RESEARCH QUARTERLY,4564,2.316,0.00565,developmental
25,JOURNAL OF EXPERIMENTAL CHILD PSYCHOLOGY,7422,2.301,0.01154,developmental
26,JOURNAL OF ADOLESCENCE,7047,2.284,0.00832,developmental
27,PSYCHOLOGY AND AGING,10065,2.107,0.00628,developmental
28,European Journal of Developmental Psychology,1228,2.063,0.00208,developmental
29,JOURNAL OF DEVELOPMENTAL AND BEHAVIORAL PEDIATRICS,4100,2.056,0.00507,developmental
30,COGNITIVE DEVELOPMENT,2315,2.05,0.00274,developmental
31,INFANCY,1794,2.021,0.00225,developmental
32,JOURNAL OF APPLIED DEVELOPMENTAL PSYCHOLOGY,3162,2,0.00299,developmental
33,JOURNAL OF EARLY ADOLESCENCE,2344,1.924,0.00271,developmental
34,School Mental Health,806,1.913,0.00138,developmental
35,JOURNAL OF RESEARCH ON ADOLESCENCE,3725,1.905,0.00412,developmental
36,HUMAN DEVELOPMENT,1533,1.893,9.8e-4,developmental
37,CHILD PSYCHIATRY & HUMAN DEVELOPMENT,2377,1.889,0.00396,developmental
38,Journal of Cognition and Development,1282,1.869,0.00248,developmental
39,CHILD CARE HEALTH AND DEVELOPMENT,3996,1.828,0.00481,developmental
40,INTERNATIONAL JOURNAL OF BEHAVIORAL DEVELOPMENT,3775,1.826,0.00398,developmental
41,AGING NEUROPSYCHOLOGY AND COGNITION,1442,1.75,0.00212,developmental
42,Research in Autism Spectrum Disorders,3656,1.688,0.00434,developmental
43,INFANT BEHAVIOR & DEVELOPMENT,3744,1.682,0.00302,developmental
44,Focus on Autism and Other Developmental Disabilities,769,1.667,0.00106,developmental
45,Language Learning and Development,548,1.651,0.00115,developmental
46,Clinical Child Psychology and Psychiatry,1233,1.647,0.00128,developmental
47,JOURNAL OF CHILD LANGUAGE,2919,1.62,0.00262,developmental
48,JOURNAL OF ADOLESCENT RESEARCH,1945,1.596,0.00128,developmental
49,Journal of School Violence,769,1.561,0.00107,developmental
50,SOCIAL DEVELOPMENT,3089,1.552,0.00283,developmental
51,Early Education and Development,2194,1.504,0.00261,developmental
52,Advances in Child Development and Behavior,726,1.5,0.00101,developmental
53,DEVELOPMENTAL NEUROPSYCHOLOGY,2933,1.477,0.0017,developmental
54,BRITISH JOURNAL OF DEVELOPMENTAL PSYCHOLOGY,2345,1.414,0.00198,developmental
55,KINDHEIT UND ENTWICKLUNG,348,1.404,2.8e-4,developmental
56,INFANT MENTAL HEALTH JOURNAL,1962,1.389,0.0019,developmental
57,CHILD & YOUTH CARE FORUM,958,1.355,0.00151,developmental
58,New Directions for Child and Adolescent Development,1405,1.333,0.00156,developmental
59,Journal of Child and Family Studies,4963,1.31,0.0103,developmental
60,Mind Brain and Education,670,1.289,9.7e-4,developmental
61,Review Journal of Autism and Developmental Disorders,362,1.278,0.00129,developmental
62,Research in Human Development,666,1.222,0.00108,developmental
63,Parenting-Science and Practice,1021,1.156,8.8e-4,developmental
64,INTERNATIONAL JOURNAL OF AGING & HUMAN DEVELOPMENT,1585,1.071,0.00106,developmental
65,INFANT AND CHILD DEVELOPMENT,1425,1.069,0.00171,developmental
66,Journal of Latina-o Psychology,260,0.978,9.4e-4,developmental
67,Emerging Adulthood,621,0.974,0.00164,developmental
68,JOURNAL OF DEVELOPMENTAL AND PHYSICAL DISABILITIES,960,0.972,0.00111,developmental
69,Early Child Development and Care,1976,0.968,0.00211,developmental
70,JOURNAL OF GENETIC PSYCHOLOGY,1180,0.923,6.2e-4,developmental
71,Infancia y Aprendizaje,471,0.907,2.9e-4,developmental
72,First Language,738,0.887,6.9e-4,developmental
73,Infants & Young Children,679,0.81,3.5e-4,developmental
74,MERRILL-PALMER QUARTERLY-JOURNAL OF DEVELOPMENTAL PSYCHOLOGY,1668,0.775,7.6e-4,developmental
75,JOURNAL OF ADULT DEVELOPMENT,691,0.741,4.4e-4,developmental
76,PRAXIS DER KINDERPSYCHOLOGIE UND KINDERPSYCHIATRIE,246,0.338,1.6e-4,developmental
77,Minnesota Symposia on Child Psychology,155,0.071,6e-5,developmental
Copyright © 2020 Clarivate Analytics,NA,NA,NA,NA,developmental
"By exporting the selected data, you agree to the data usage policy set forth in the Terms of Use",NA,NA,NA,NA,developmental
1,PERSONALITY AND SOCIAL PSYCHOLOGY REVIEW,6712,12.321,0.00703,social
2,Social Issues and Policy Review,618,8.938,0.00172,social
3,Advances in Experimental Social Psychology,5859,6.55,0.00289,social
4,JOURNAL OF PERSONALITY AND SOCIAL PSYCHOLOGY,75827,6.335,0.02632,social
5,Social Psychological and Personality Science,3480,4.385,0.01264,social
6,EUROPEAN JOURNAL OF PERSONALITY,3363,3.91,0.00565,social
7,JOURNAL OF PERSONALITY,9149,3.667,0.00742,social
8,European Review of Social Psychology,836,3.333,0.00129,social
9,POLITICAL PSYCHOLOGY,4354,3.265,0.00815,social
10,JOURNAL OF EXPERIMENTAL SOCIAL PSYCHOLOGY,12445,3.254,0.01464,social
11,PERSONALITY AND SOCIAL PSYCHOLOGY BULLETIN,17417,2.97,0.01403,social
12,JOURNAL OF RESEARCH IN PERSONALITY,8102,2.767,0.00854,social
13,BRITISH JOURNAL OF SOCIAL PSYCHOLOGY,4289,2.736,0.00306,social
14,CHILD ABUSE & NEGLECT,11799,2.569,0.01442,social
15,GROUP PROCESSES & INTERGROUP RELATIONS,2449,2.54,0.00373,social
16,JOURNAL OF SOCIAL ISSUES,7637,2.483,0.00318,social
17,JOURNAL OF HEALTH AND SOCIAL BEHAVIOR,8743,2.418,0.00304,social
18,EUROPEAN JOURNAL OF SOCIAL PSYCHOLOGY,6649,2.415,0.00525,social
19,SEX ROLES,8565,2.409,0.00576,social
20,JOURNAL OF SOCIAL AND PERSONAL RELATIONSHIPS,3849,2.359,0.00343,social
21,International Review of Social Psychology,161,2.326,6.5e-4,social
22,PERSONALITY AND INDIVIDUAL DIFFERENCES,26304,2.311,0.03112,social
23,ORGANIZATIONAL BEHAVIOR AND HUMAN DECISION PROCESSES,12321,2.304,0.00621,social
24,Cyberpsychology Behavior and Social Networking,4241,2.258,0.00707,social
25,JOURNAL OF PERSONALITY ASSESSMENT,8074,2.185,0.00409,social
26,LAW AND HUMAN BEHAVIOR,3204,2.154,0.00323,social
27,Cultural Diversity & Ethnic Minority Psychology,2802,2.147,0.00427,social
28,JOURNAL OF CROSS-CULTURAL PSYCHOLOGY,5780,2.012,0.00472,social
29,INTERNATIONAL JOURNAL OF INTERCULTURAL RELATIONS,3504,1.981,0.00253,social
30,Psychology of Men & Masculinity,1810,1.941,0.00246,social
31,Personality and Mental Health,455,1.929,0.00118,social
32,Social Psychology,881,1.883,0.00286,social
33,MOTIVATION AND EMOTION,4148,1.878,0.00421,social
34,JOURNAL OF COMMUNITY & APPLIED SOCIAL PSYCHOLOGY,1450,1.857,0.00126,social
35,Self and Identity,1977,1.797,0.00234,social
36,JOURNAL OF NONVERBAL BEHAVIOR,1649,1.767,0.00136,social
37,SMALL GROUP RESEARCH,1647,1.745,0.00119,social
38,Nebraska Symposium on Motivation,810,1.643,2.9e-4,social
39,Journal of Diversity in Higher Education,623,1.638,0.00105,social
40,RESEARCH ON LANGUAGE AND SOCIAL INTERACTION,1298,1.591,0.00129,social
41,BASIC AND APPLIED SOCIAL PSYCHOLOGY,2318,1.577,0.00235,social
42,JOURNAL OF APPLIED SOCIAL PSYCHOLOGY,8248,1.537,0.00273,social
43,PERSONAL RELATIONSHIPS,2522,1.522,0.00168,social
44,JOURNAL OF SOCIAL AND CLINICAL PSYCHOLOGY,3227,1.472,0.00182,social
45,JOURNAL FOR THE THEORY OF SOCIAL BEHAVIOUR,1191,1.467,6.8e-4,social
46,SOCIAL COGNITION,2590,1.452,0.00227,social
47,DEVIANT BEHAVIOR,1679,1.348,0.00183,social
48,SOCIAL PSYCHOLOGY QUARTERLY,3384,1.286,0.00149,social
49,JOURNAL OF SOCIAL PSYCHOLOGY,3399,1.241,0.00177,social
50,JOURNAL OF PSYCHOSOCIAL ONCOLOGY,1064,1.238,0.00167,social
51,JOURNAL OF LANGUAGE AND SOCIAL PSYCHOLOGY,1579,1.162,0.00152,social
52,Journal of Individual Differences,632,1.113,0.00131,social
53,ASIAN JOURNAL OF SOCIAL PSYCHOLOGY,829,1.063,7.2e-4,social
54,Analyses of Social Issues and Public Policy,583,1.059,7.8e-4,social
55,Journal of Latina-o Psychology,260,0.978,9.4e-4,social
56,Emerging Adulthood,621,0.974,0.00164,social
57,Social Justice Research,1122,0.969,0.00105,social
58,KOLNER ZEITSCHRIFT FUR SOZIOLOGIE UND SOZIALPSYCHOLOGIE,754,0.871,8.8e-4,social
59,GROUP DYNAMICS-THEORY RESEARCH AND PRACTICE,914,0.788,7.8e-4,social
60,JOURNAL OF LOSS & TRAUMA,816,0.769,0.001,social
61,SOCIAL BEHAVIOR AND PERSONALITY,2711,0.676,0.0019,social
62,Revista de Psicologia Social,291,0.519,1.9e-4,social
63,Social Influence,496,0.467,5.8e-4,social
64,Gedrag & Organisatie,109,0.125,3e-5,social
Copyright © 2020 Clarivate Analytics,NA,NA,NA,NA,social
"By exporting the selected data, you agree to the data usage policy set forth in the Terms of Use",NA,NA,NA,NA,social
1,JOURNAL OF THE AMERICAN PSYCHOANALYTIC ASSOCIATION,1043,1.044,0.00106,psychoanalysis
2,PSYCHOANALYTIC PSYCHOLOGY,742,0.958,9.5e-4,psychoanalysis
3,ZEITSCHRIFT FUR PSYCHOSOMATISCHE MEDIZIN UND PSYCHOTHERAPIE,303,0.85,2.6e-4,psychoanalysis
4,BULLETIN OF THE MENNINGER CLINIC,454,0.667,3.2e-4,psychoanalysis
5,Psychoanalytic Study of the Child,438,0.525,2e-4,psychoanalysis
6,INTERNATIONAL JOURNAL OF PSYCHOANALYSIS,2532,0.48,0.00112,psychoanalysis
7,PSYCHOANALYTIC DIALOGUES,758,0.416,0.00114,psychoanalysis
8,PSYCHOANALYTIC QUARTERLY,661,0.4,7.8e-4,psychoanalysis
9,PSYCHOANALYTIC INQUIRY,467,0.385,5.8e-4,psychoanalysis
10,PSYCHE-ZEITSCHRIFT FUR PSYCHOANALYSE UND IHRE ANWENDUNGEN,272,0.337,1.9e-4,psychoanalysis
11,CONTEMPORARY PSYCHOANALYSIS,341,0.271,5.4e-4,psychoanalysis
12,FORUM DER PSYCHOANALYSE,80,0.164,6e-5,psychoanalysis
13,Psychoanalysis and History,48,0.103,1e-4,psychoanalysis
Copyright © 2020 Clarivate Analytics,NA,NA,NA,NA,psychoanalysis
"By exporting the selected data, you agree to the data usage policy set forth in the Terms of Use",NA,NA,NA,NA,psychoanalysis
1,International Review of Sport and Exercise Psychology,1058,14.333,0.00152,applied
2,Annual Review of Organizational Psychology and Organizational Behavior,1521,10.923,0.0074400000000000004,applied
3,JOURNAL OF MANAGEMENT,24234,8.88,0.022,applied
4,Journal of Occupational Health Psychology,4491,7.365,0.00571,applied
5,LEADERSHIP QUARTERLY,10275,6.642,0.00806,applied
6,PERSONNEL PSYCHOLOGY,8568,6.571,0.00603,applied
7,JOURNAL OF APPLIED PSYCHOLOGY,41414,5.851,0.02083,applied
8,ORGANIZATIONAL RESEARCH METHODS,6877,5.705,0.00607,applied
9,JOURNAL OF ORGANIZATIONAL BEHAVIOR,12953,5.026,0.01079,applied
10,JOURNAL OF VOCATIONAL BEHAVIOR,11679,4.075,0.00726,applied
11,JOURNAL OF COUNSELING PSYCHOLOGY,8770,3.697,0.00568,applied
12,Human Resource Development Quarterly,1479,3.688,5.9e-4,applied
13,WORK AND STRESS,3290,3.634,0.00198,applied
14,JOURNAL OF INTERPERSONAL VIOLENCE,7658,3.573,0.01026,applied
15,JOURNAL OF BUSINESS AND PSYCHOLOGY,3393,3.289,0.00422,applied
16,Industrial and Organizational Psychology-Perspectives on Science and Practice,1302,3.174,0.0026,applied
17,HUMAN FACTORS,6763,3.165,0.00533,applied
18,APPLIED ERGONOMICS,7659,3.145,0.00856,applied
19,JOURNAL OF CONSUMER PSYCHOLOGY,5809,2.958,0.00644,applied
20,European Journal of Work and Organizational Psychology,3338,2.882,0.00454,applied
21,Organizational Psychology Review,512,2.864,0.00116,applied
22,PSYCHOLOGY OF SPORT AND EXERCISE,5465,2.827,0.00677,applied
23,APPLIED PSYCHOLOGY-AN INTERNATIONAL REVIEW-PSYCHOLOGIE APPLIQUEE-REVUE INTERNATIONALE,4008,2.808,0.00188,applied
24,JOURNAL OF OCCUPATIONAL AND ORGANIZATIONAL PSYCHOLOGY,4701,2.652,0.00355,applied
25,Sport Exercise and Performance Psychology,486,2.647,0.00125,applied
26,GROUP & ORGANIZATION MANAGEMENT,2742,2.545,0.0021,applied
27,TRANSPORTATION RESEARCH PART F-TRAFFIC PSYCHOLOGY AND BEHAVIOUR,5842,2.518,0.00855,applied
28,HUMAN RESOURCE MANAGEMENT,3910,2.476,0.00382,applied
29,JOURNAL OF EXPERIMENTAL PSYCHOLOGY-APPLIED,2358,2.431,0.00272,applied
30,MEDIA PSYCHOLOGY,1835,2.397,0.00219,applied
31,PSYCHOLOGY & MARKETING,6074,2.37,0.00349,applied
32,Applied Psychology-Health and Well Being,908,2.357,0.00145,applied
33,STRESS AND HEALTH,2055,2.35,0.00313,applied
34,Career Development International,2052,2.32,0.00163,applied
35,JOURNAL OF CAREER ASSESSMENT,1823,2.311,0.0017,applied
36,ORGANIZATIONAL BEHAVIOR AND HUMAN DECISION PROCESSES,12321,2.304,0.00621,applied
37,Work Aging and Retirement,411,2.281,0.00128,applied
38,COUNSELING PSYCHOLOGIST,3256,2.263,0.0018600000000000001,applied
39,JOURNAL OF SPORT & EXERCISE PSYCHOLOGY,4663,2.239,0.00287,applied
40,ERGONOMICS,8747,2.19,0.00577,applied
41,INTERNATIONAL JOURNAL OF STRESS MANAGEMENT,1539,2.164,0.00132,applied
42,JOURNAL OF APPLIED SPORT PSYCHOLOGY,2062,2.15,0.00109,applied
43,International Journal of Sport and Exercise Psychology,889,2.106,8.9e-4,applied
44,PERSONNEL REVIEW,2492,2.074,0.00189,applied
45,EUROPEAN JOURNAL OF PSYCHOLOGICAL ASSESSMENT,2046,1.978,0.00203,applied
46,RESEARCH QUARTERLY FOR EXERCISE AND SPORT,4367,1.883,0.00189,applied
47,ORGANIZATIONAL DYNAMICS,2369,1.852,9.7e-4,applied
48,MEASUREMENT AND EVALUATION IN COUNSELING AND DEVELOPMENT,1059,1.851,7.6e-4,applied
49,Research in Organizational Behavior,4049,1.8,0,applied
50,SMALL GROUP RESEARCH,1647,1.745,0.00119,applied
51,JOURNAL OF BEHAVIORAL DECISION MAKING,2776,1.715,0.00336,applied
52,Psychology of Music,1729,1.712,0.00196,applied
53,JOURNAL OF MULTICULTURAL COUNSELING AND DEVELOPMENT,595,1.594,3.9e-4,applied
54,Journal of Work and Organizational Psychology-Revista de Psicologia del Trabajo y de las Organizaciones,450,1.565,3.4e-4,applied
55,CAREER DEVELOPMENT QUARTERLY,1077,1.518,9.5e-4,applied
56,SPORT PSYCHOLOGIST,1856,1.515,0.00102,applied
57,JOURNAL OF APPLIED BEHAVIORAL SCIENCE,1709,1.5,8.8e-4,applied
58,JOURNAL OF COLLEGE STUDENT DEVELOPMENT,2754,1.478,0.00166,applied
59,JOURNAL OF CAREER DEVELOPMENT,983,1.474,9.5e-4,applied
60,JOURNAL OF COUNSELING AND DEVELOPMENT,2601,1.381,0.00143,applied
61,Journal of Managerial Psychology,3508,1.38,0.00221,applied
62,Journal of Clinical Sport Psychology,493,1.27,7.4e-4,applied
63,JOURNAL OF ORGANIZATIONAL BEHAVIOR MANAGEMENT,453,1.265,1.6e-4,applied
64,International Journal of Sports Science & Coaching,1327,1.235,0.00172,applied
65,INTERNATIONAL JOURNAL OF SELECTION AND ASSESSMENT,1332,1.2,9.1e-4,applied
66,International Journal for Educational and Vocational Guidance,259,1.176,2.5e-4,applied
67,HUMAN PERFORMANCE,1664,1.172,9.1e-4,applied
68,Journal of Personnel Psychology,501,1.154,5.9e-4,applied
69,International Journal of AEROSPACE Psychology,22,1.111,6e-5,applied
70,BEHAVIORAL SCIENCES & THE LAW,1881,1.102,0.00128,applied
71,JOURNAL OF EDUCATIONAL MEASUREMENT,1716,1.056,0.00129,applied
72,Negotiation and Conflict Management Research,296,1.027,3.9e-4,applied
73,INTERNATIONAL JOURNAL OF OFFENDER THERAPY AND COMPARATIVE CRIMINOLOGY,1949,1.026,0.0026,applied
74,BRITISH JOURNAL OF GUIDANCE & COUNSELLING,783,0.845,4.4e-4,applied
75,INTERNATIONAL JOURNAL OF AVIATION PSYCHOLOGY,774,0.8,1.7e-4,applied
76,Journal of Investigative Psychology and Offender Profiling,337,0.783,3.2e-4,applied
77,EUROPEAN REVIEW OF APPLIED PSYCHOLOGY-REVUE EUROPEENNE DE PSYCHOLOGIE APPLIQUEE,585,0.768,6e-4,applied
78,Revista de Psicologia del Deporte,947,0.677,6.2e-4,applied
79,German Journal of Human Resource Management-Zeitschrift fur Personalforschung,48,0.621,1.6e-4,applied
80,TRAVAIL HUMAIN,256,0.567,1.5e-4,applied
81,ZEITSCHRIFT FUR ARBEITS-UND ORGANISATIONSPSYCHOLOGIE,190,0.556,1e-4,applied
82,JOURNAL OF EMPLOYMENT COUNSELING,345,0.533,2.1e-4,applied
83,Zeitschrift fur Sportpsychologie,83,0.48,7e-5,applied
84,Gedrag & Organisatie,109,0.125,3e-5,applied
Copyright © 2020 Clarivate Analytics,NA,NA,NA,NA,applied
"By exporting the selected data, you agree to the data usage policy set forth in the Terms of Use",NA,NA,NA,NA,applied
1,Behavior Research Methods,18539,4.425,0.01805,mathematical
2,PSYCHONOMIC BULLETIN & REVIEW,12117,3.91,0.02061,mathematical
3,JOURNAL OF MATHEMATICAL PSYCHOLOGY,3063,2.635,0.00383,mathematical
4,BRITISH JOURNAL OF MATHEMATICAL & STATISTICAL PSYCHOLOGY,1965,2.388,0.00348,mathematical
5,JOURNAL OF EDUCATIONAL AND BEHAVIORAL STATISTICS,2056,2.042,0.00266,mathematical
6,PSYCHOMETRIKA,11390,1.959,0.00499,mathematical
7,EDUCATIONAL AND PSYCHOLOGICAL MEASUREMENT,8383,1.941,0.00378,mathematical
8,APPLIED PSYCHOLOGICAL MEASUREMENT,4522,1.326,0.00175,mathematical
9,Methodology-European Journal of Research Methods for the Behavioral and Social Sciences,829,1.242,9.9e-4,mathematical
10,JOURNAL OF CLASSIFICATION,1524,1.156,0.00189,mathematical
11,JOURNAL OF EDUCATIONAL MEASUREMENT,1716,1.056,0.00129,mathematical
12,APPLIED MEASUREMENT IN EDUCATION,755,1.04,7.2e-4,mathematical
13,Nonlinear Dynamics Psychology and Life Sciences,378,0.688,4.2e-4,mathematical
Copyright © 2020 Clarivate Analytics,NA,NA,NA,NA,mathematical
"By exporting the selected data, you agree to the data usage policy set forth in the Terms of Use",NA,NA,NA,NA,mathematical
1,EDUCATIONAL PSYCHOLOGY REVIEW,5083,5.167,0.00534,educational
2,JOURNAL OF EDUCATIONAL PSYCHOLOGY,17685,5.028,0.01048,educational
3,CHILD DEVELOPMENT,30882,4.891,0.02231,educational
4,EDUCATIONAL PSYCHOLOGIST,5706,4.475,0.00339,educational
5,JOURNAL OF COUNSELING PSYCHOLOGY,8770,3.697,0.00568,educational
6,JOURNAL OF THE LEARNING SCIENCES,2464,3.588,0.00159,educational
7,READING RESEARCH QUARTERLY,2968,3.543,0.00179,educational
8,LEARNING AND INSTRUCTION,5480,3.323,0.00748,educational
9,Revista de Psicodidactica,589,3.05,5.5e-4,educational
10,JOURNAL OF SCHOOL PSYCHOLOGY,3611,2.981,0.00373,educational
11,SCIENTIFIC STUDIES OF READING,2216,2.91,0.00275,educational
12,CONTEMPORARY EDUCATIONAL PSYCHOLOGY,5217,2.863,0.00538,educational
13,Metacognition and Learning,989,2.69,0.0017,educational
14,JOURNAL OF CREATIVE BEHAVIOR,1356,2.661,0.00113,educational
15,COGNITION AND INSTRUCTION,2027,2.516,8.8e-4,educational
16,BRITISH JOURNAL OF EDUCATIONAL PSYCHOLOGY,3631,2.506,0.00269,educational
17,SCHOOL PSYCHOLOGY REVIEW,2574,2.3,0.00167,educational
18,JOURNAL OF LITERACY RESEARCH,755,2.255,8.9e-4,educational
19,SCHOOL PSYCHOLOGY QUARTERLY,2166,2.158,0.00259,educational
20,GIFTED CHILD QUARTERLY,949,2.14,5e-4,educational
21,JOURNAL OF EXPERIMENTAL EDUCATION,1771,2.107,0.002,educational
22,Studies in Educational Evaluation,968,1.983,0.00146,educational
23,JOURNAL OF EMOTIONAL AND BEHAVIORAL DISORDERS,1209,1.976,8.2e-4,educational
24,EDUCATIONAL AND PSYCHOLOGICAL MEASUREMENT,8383,1.941,0.00378,educational
25,LEARNING AND INDIVIDUAL DIFFERENCES,4838,1.916,0.00792,educational
26,School Mental Health,806,1.913,0.00138,educational
27,JOURNAL OF APPLIED RESEARCH IN INTELLECTUAL DISABILITIES,2163,1.909,0.00264,educational
28,MEASUREMENT AND EVALUATION IN COUNSELING AND DEVELOPMENT,1059,1.851,7.6e-4,educational
29,INSTRUCTIONAL SCIENCE,2176,1.734,0.00184,educational
30,Psychology of Music,1729,1.712,0.00196,educational
31,Journal of Diversity in Higher Education,623,1.638,0.00105,educational
32,BEHAVIORAL DISORDERS,808,1.625,8.9e-4,educational
33,Social Psychology of Education,1240,1.619,0.00181,educational
34,DISCOURSE PROCESSES,1980,1.612,0.00184,educational
35,Educational Psychology,2350,1.586,0.00263,educational
36,Journal of School Violence,769,1.561,0.00107,educational
37,Educational Measurement-Issues and Practice,847,1.512,9.7e-4,educational
38,Early Education and Development,2194,1.504,0.00261,educational
39,DYSLEXIA,843,1.458,7.8e-4,educational
40,READING AND WRITING,3156,1.445,0.00379,educational
41,SCHOOL PSYCHOLOGY INTERNATIONAL,1325,1.431,0.00104,educational
42,CREATIVITY RESEARCH JOURNAL,2659,1.289,0.00154,educational
43,JOURNAL OF PSYCHOEDUCATIONAL ASSESSMENT,1612,1.256,0.00199,educational
43,JOURNAL OF RESEARCH IN READING,1151,1.256,0.00124,educational
45,EUROPEAN JOURNAL OF PSYCHOLOGY OF EDUCATION,1420,1.247,0.00129,educational
46,PSYCHOLOGY IN THE SCHOOLS,3223,1.134,0.00236,educational
47,JOURNAL OF EDUCATIONAL AND PSYCHOLOGICAL CONSULTATION,439,1.108,2.4e-4,educational
48,Training and Education in Professional Psychology,604,1.092,5.6e-4,educational
49,JOURNAL OF EDUCATIONAL MEASUREMENT,1716,1.056,0.00129,educational
50,APPLIED MEASUREMENT IN EDUCATION,755,1.04,7.2e-4,educational
51,Psicologia Educativa,180,0.933,4e-4,educational
52,JOURNAL OF EARLY INTERVENTION,767,0.932,6e-4,educational
53,Canadian Journal of School Psychology,438,0.917,3.8e-4,educational
54,Infancia y Aprendizaje,471,0.907,2.9e-4,educational
55,Language Assessment Quarterly,478,0.729,4.6e-4,educational
56,HIGH ABILITY STUDIES,403,0.714,1.5e-4,educational
57,ZEITSCHRIFT FUR PADAGOGISCHE PSYCHOLOGIE,356,0.367,2.8e-4,educational
58,VOPROSY PSIKHOLOGII,416,0.304,7e-5,educational
59,PSYCHOLOGIE IN ERZIEHUNG UND UNTERRICHT,156,0.3,1.8e-4,educational
60,ZEITSCHRIFT FUR ENTWICKLUNGSPSYCHOLOGIE UND PADAGOGISCHE PSYCHOLOGIE,244,0.273,1.5e-4,educational
Copyright © 2020 Clarivate Analytics,NA,NA,NA,NA,educational
"By exporting the selected data, you agree to the data usage policy set forth in the Terms of Use",NA,NA,NA,NA,educational
1,BEHAVIORAL AND BRAIN SCIENCES,9395,17.333,0.00817,biological
2,PSYCHOPHYSIOLOGY,14586,3.692,0.01267,biological
3,EVOLUTION AND HUMAN BEHAVIOR,4240,3.067,0.00614,biological
4,PHYSIOLOGY & BEHAVIOR,22074,2.826,0.0203,biological
5,BIOLOGICAL PSYCHOLOGY,10093,2.763,0.01188,biological
6,INTERNATIONAL JOURNAL OF PSYCHOPHYSIOLOGY,8822,2.631,0.00944,biological
7,EXPERIMENTAL AND CLINICAL PSYCHOPHARMACOLOGY,2673,2.217,0.003,biological
8,BEHAVIOURAL PROCESSES,4689,1.846,0.00695,biological
9,JOURNAL OF EXPERIMENTAL PSYCHOLOGY-ANIMAL LEARNING AND COGNITION,2136,1.778,0.0013,biological
10,JOURNAL OF PSYCHOPHYSIOLOGY,800,1.406,4.9e-4,biological
11,LEARNING & BEHAVIOR,893,1.342,0.00111,biological
12,LEARNING AND MOTIVATION,964,0.894,6.5e-4,biological
13,Integrative Psychological and Behavioral Science,553,0.631,4.8e-4,biological
Copyright © 2020 Clarivate Analytics,NA,NA,NA,NA,biological
"By exporting the selected data, you agree to the data usage policy set forth in the Terms of Use",NA,NA,NA,NA,biological
